{
    "loss": 11.838513374328613,
    "accuracy": 0.4651162922382355
}