{
    "loss": 0.7582560181617737,
    "accuracy": 0.8930232524871826
}