{
    "loss": 3.1755900382995605,
    "accuracy": 0.631007730960846
}