{
    "loss": 23.080150604248047,
    "accuracy": 0.4651162922382355
}