{
    "loss": 10.310591697692871,
    "accuracy": 0.48527130484580994
}