{
    "loss": 0.44207093119621277,
    "accuracy": 0.9271317720413208
}