{
    "loss": 0.6250951886177063,
    "accuracy": 0.9069631099700928
}